Control_Area,Applicability,Justification,Implementation_Status,Owner,Evidence
AI_Policy,Applicable,Required for governance,Implemented,AI Governance,Approved policy
AI_Risk_Assessment,Applicable,AI risk management is required,Implemented,GRC,Risk methodology and register
AI_Impact_Assessment,Applicable,Material AI impacts must be assessed,In Progress,AI Governance,Impact assessments
AI_System_Inventory,Applicable,Inventory supports lifecycle governance,Implemented,AI Governance,System register
Data_Governance,Applicable,AI outputs depend on data quality and governance,In Progress,Data Governance,Data standards
Third_Party_AI,Applicable,External AI services are used,In Progress,Procurement,Vendor assessments
Monitoring,Applicable,AI performance and risk can change over time,In Progress,AI Engineering,Monitoring records
Internal_Audit,Applicable,Effectiveness must be evaluated,Planned,Internal Audit,Audit plan
Management_Review,Applicable,Leadership oversight is required,Planned,Executive Management,Review minutes
